<?xml version="1.0" encoding="UTF-8" standalone="yes"?>
<addon id="plugin.video.rodasemotores"
       name="Rodas e Motores"
       version="2.2"
       provider-name="Demagorgon">
 <requires>
	<import addon="xbmc.python" version="2.1.0"/>
    <import addon="script.module.beautifulsoup" version="3.2.1"/>
    <import addon="script.module.httplib2" />
    <import addon="plugin.video.youtube" optional="true" />
    <import addon="script.module.simplejson" />    
  </requires>
  <extension point="xbmc.python.pluginsource" library="default.py">
    <provides>video</provides>
  </extension>
  <extension point="xbmc.addon.metadata">
    <summary lang="pt">Addon dedicado à paixão pelo desporto motorizado</summary>
    <description>Channels and Playlists organized by categories. Sourced from Youtube. 
[B][COLOR lime]Advised the latest version of youtube 6.*.*[/B][/COLOR]</description>
    <platform>all</platform>
  </extension>
</addon>