<?xml version="1.0" encoding="UTF-8" standalone="yes"?>
<addon id="plugin.video.jami"
       name="[COLOR white][B]Jami[/B][/COLOR]"
       version="7.0"
       provider-name="frenchdj">
 <requires>
	<import addon="xbmc.python" version="2.1.0"/>
    <import addon="script.module.beautifulsoup" version="3.2.1"/>
    <import addon="plugin.video.youtube" optional="true" />
    <import addon="script.module.simplejson" />    
  </requires>
  <extension point="xbmc.python.pluginsource" library="default.py">
    <provides>video</provides>
  </extension>
  <extension point="xbmc.addon.metadata">
    <summary lang="en">[ 2018 ]</summary>
    <description>Videos Infantis em [COLOR lime][PT][/COLOR] e [COLOR yellow][BR][/COLOR].
Playlists organizadas por categorias, totalmente dedicadas aos mais pequenos, com muitos desenhos animados recentes, classicos e musicais.
Toda a fonte  vem de utilizadores do Youtube.
[B][COLOR lime][ Aconselhado Youtube 6.*.* ][/B][/COLOR]</description>
    <platform>all</platform>
  </extension>
</addon>