﻿<?xml version="1.0" encoding="UTF-8" standalone="yes"?>
<addon id="repository.xsteal" name="xsteal repository" version="0.0.1" provider-name="xsteal">
	<extension point="xbmc.addon.repository" name="xsteal Repository">
		<info compressed="false">http://raw.github.com/xsteal/repository.xsteal/master/addons.xml</info>
		<checksum>http://raw.github.com/xsteal/repository.xsteal/master/addons.xml.md5</checksum>
		<datadir zip="true">http://raw.github.com/xsteal/repository.xsteal/master/repo/</datadir>
	</extension>
	<extension point="xbmc.addon.metadata">
		<summary>xsteal Addon</summary>
		<description>Addon Description</description>
		<disclaimer></disclaimer>
		<platform>all</platform>
	</extension>
</addon>