<?xml version="1.0" encoding="UTF-8" standalone="yes"?>
<addon id="repository.kodiDeutschland.addons" name="[COLOR blue]Kodi[/COLOR][COLOR darkorange]DE[COLOR] Addon [COLOR red]Repository[/COLOR]" version="1.0.3" provider-name="[COLOR blue]KodiDE Team[/COLOR]">
    <extension point="xbmc.addon.repository" name="[COLOR blue]KodiDE Addon Repository[/COLOR]">
        <info compressed="false">http://kodid.de/KodiDE/addons/addons.xml</info>
        <checksum>http://kodid.de/KodiDE/addons/addons.xml.md5</checksum>
        <datadir zip="true">http://kodid.de/KodiDE/addons/</datadir>
    </extension>
    <extension point="xbmc.addon.metadata">
        <summary>[COLOR lime]KodiDE-repo[/COLOR]</summary>
        <description>Kodi Deutschland 
https://www.facebook.com/Kodi-Deutschland-991448184246525</description>
        <platform>all</platform>
    </extension>
</addon>