<?xml version="1.0" encoding="UTF-8" standalone="yes"?>
<addon id="repository.kodiunderground" name="[COLOR FF2da7d3]Kodi Underground[/COLOR]" version="1.0.5" provider-name="Prilly">
	<extension point="xbmc.addon.repository" name="Kodi Underground">
	  <info compressed="true">http://kodi2.speedbox.me/svn_kodi/trunk/addons.xml</info>
	  <checksum>http://kodi2.speedbox.me/svn_kodi/trunk/addons.xml.md5</checksum>
	  <datadir zip="true">http://kodi2.speedbox.me/svn_kodi/trunk/</datadir>	
	</extension>
	<extension point="xbmc.addon.metadata">
	  <summary lang="en">Kodi Underground</summary>
	  <summary lang="no">Kodi Underground</summary>
	  <description lang="en">Kodi Underground - Unofficial Kodi repository</description>
	  <description lang="no">Kodi Underground - Uoffisiel kodi pakkebrønn</description>
	  <disclaimer>The owners and submitters to this repository do not host or distribute any of the content
            displayed by these addons nor do they have any affiliation with the content providers.</disclaimer>
	  <platform>all</platform>
	  <license>GNU GENERAL PUBLIC LICENSE. Version 2, June 1991</license>
	  <website>http://kodi.speedbox.me</website>
	  <email>prilly@speedbox.me</email>
	</extension>
</addon>
