﻿<?xml version="1.0" encoding="UTF-8" standalone="yes"?>
<addon id="repository.tnds" 
		name="Tnds Repository" 
		version="7.0.6" 
		provider-name="Tnds82">
	<requires>
      <import addon="xbmc.addon" version="12.0.0"/>
    </requires>
	<extension point="xbmc.addon.repository" name="Tnds Repository">
		<dir minversion="15.9.0">
			<info>http://tnds82.tk/addons_new/7.0/addons.xml</info>
			<checksum>http://tnds82.tk/addons_new/7.0/addons.xml.md5</checksum>
			<datadir zip="true">http://tnds82.tk/addons_new/7.0/</datadir>
		</dir>
		<dir minversion="16.9.0">
			<info>http://tnds82.tk/addons_new/8.0/addons.xml</info>
			<checksum>http://tnds82.tk/addons_new/8.0/addons.xml.md5</checksum>
			<datadir zip="true">http://tnds82.tk/addons_new/8.0/</datadir>
		</dir>
	</extension>
	<extension point="xbmc.addon.metadata">
		<summary lang="en">Addons and Repositorys to OpenELEC and LibreELEC</summary>
		<summary lang="pt">Repositórios e Addons para OpenELEC e LibreELEC</summary>
		<description lang="en">Main Repository Addons: Tnds</description>
		<description lang="pt">Repositório principal de Addons: Tnds </description>
		<disclaimer lang="en">For bugs or suggestions send email: tndsrepo@gmail.com</disclaimer>
		<disclaimer lang="pt">Para reportar erros ou sugestões envie email para: tndsrepo@gmail.com</disclaimer>
		<platform>all</platform>
	</extension>
</addon>