﻿<?xml version="1.0" encoding="UTF-8" standalone="yes"?>
<addon id="repository.tnds.rpi2" 
				name="[COLOR FFF1F1F1]Libre[/COLOR][COLOR FF00A9F6]E[/COLOR][COLOR FFFAA91F]L[/COLOR][COLOR FF4EB04E]E[/COLOR][COLOR FFED407B]C[/COLOR] / [COLOR FF757677]Open[/COLOR][COLOR FF8ABEE2]ELEC[/COLOR]: Tnds (RPi2/RPi3) Add-ons" 
				version="7.0.2" 
				provider-name="tnds82">
	<extension point="xbmc.addon.repository" 
		name="[COLOR FFF1F1F1]Libre[/COLOR][COLOR FF00A9F6]E[/COLOR][COLOR FFFAA91F]L[/COLOR][COLOR FF4EB04E]E[/COLOR][COLOR FFED407B]C[/COLOR] / [COLOR FF757677]Open[/COLOR][COLOR FF8ABEE2]ELEC[/COLOR]: Tnds (RPi2/RPi3) Add-ons">
		<dir minversion="15.9.0">
			<info compressed="false">http://tnds82.tk/addons_new/7.0/rpi/addons.xml</info>
			<checksum>http://tnds82.tk/addons_new/7.0/rpi/addons.xml.md5</checksum>
			<datadir zip="true">http://tnds82.tk/addons_new/7.0/rpi/</datadir>
		</dir>
	</extension>
	<extension point="xbmc.addon.metadata">
		<summary lang="en">Addons and Repositorys to LibreELEC and OpenELEC (RPi2/RPi3)</summary>
		<summary lang="pt">Repositórios e Addons para LibreELEC e OpenELEC (RPi2/RPi3)</summary>
		<description lang="en">RPi2 and RPi3 Repository LibreELEC and OpenELEC Addons: Tnds</description>
		<description lang="pt">Repositório de Addons para RPi2 e RPi3 LibreELEC e OpenELEC: Tnds </description>
		<disclaimer lang="en">For bugs or suggestions send email: tndsrepo@gmail.com</disclaimer>
		<disclaimer lang="pt">Para reportar erros ou sugestões envie email para: tndsrepo@gmail.com</disclaimer>
		<platform>all</platform>
	</extension>
</addon>