<?xml version="1.0" encoding="UTF-8" standalone="yes"?>
<addon id="plugin.video.hyperion.on" name="Hyperion On" version="1.0.3" provider-name="Demagorgon">
    <requires>
		<import addon="xbmc.python" version="2.14.0"/>
	</requires>
	<extension point="xbmc.python.pluginsource" library="addon.py">
		<provides>video</provides>
	</extension>
	<extension point="xbmc.addon.metadata">
		<platform>all</platform>
		<summary lang="en">Hyperion On</summary>
		<description lang="en">Allows you to switch Hyperion On.</description>
		<license>GNU General Public License, v2</license>
		<language></language>
		<forum></forum>
		<source></source>
		<email></email>
	</extension>
</addon>
