<?xml version="1.1" encoding="UTF-8" standalone="yes"?>
<addon id="plugin.audio.m80"
       name="M80 Radio"
       version="1.0"
       provider-name="Demagorgon">
  <requires>
    <import addon="xbmc.python" version="2.1.0"/>
    <import addon="script.module.beautifulsoup" version="3.2.1"/>
    <import addon="script.module.simple.downloader" version="0.9.4"/>
    <import addon="script.module.beautifulsoup4" />
    <import addon="script.module.requests" />
    <import addon="script.module.httplib2" />
    <import addon="script.module.liveresolver" version="0.1.24" optional="true"/>
    <import addon="script.module.youtube.dl" optional="true"/>
    <import addon="plugin.video.youtube" optional="true" />
    <import addon="script.module.urlresolver" optional="true"/>
    <import addon="script.module.simplejson" />    
     <import addon="script.module.livestreamer" optional="true"/>
     <import addon="script.module.pyamf" optional="true"/>
  </requires>
  <extension point="xbmc.python.pluginsource" library="default.py">
    <provides>audio</provides>
  </extension>
  <extension point="xbmc.addon.metadata">
    <summary lang="en">M80 Radio</summary>
    <description>Streams de rádio da M80 Radio, e rádios online temáticas. 
	Este addon não é oficial da rádio M80, sendo feito por fãs 
	e cujo conteúdo foi encontrado livremente disponível na internet.</description>
    <platform>all</platform>
  </extension>
</addon>