<?xml version="1.0" encoding="UTF-8"?>
<addon id="skin.aeon.nox.silvo.mod" version="6.0.14" name="Aeon Nox: SiLVO mod" provider-name="SiLVO">
	<requires>
		<import addon="xbmc.gui" version="5.12.0"/>
		<import addon="script.grab.fanart" version="0.12.8"/>
		<import addon="script.skinshortcuts" version="1.0.10"/>
		<import addon="service.library.data.provider" version="0.0.7"/>
		<import addon="resource.images.studios.white" version="0.0.1"/>
		<import addon="resource.images.recordlabels.white" version="0.0.1"/>
	</requires>
	<extension point="xbmc.gui.skin" debugging="false" effectslowdown="0.75">
		<res width="1920" height="1080" aspect="16:9" default="true" folder="16x9" />
	</extension>
	<extension point="xbmc.addon.metadata">
		<summary lang="de_DE">Erstellt von BigNoid, modifiziert von SiLVO, Widgets von Mr. V</summary>
		<summary lang="el_GR">Created by BigNoid, Modded by SiLVO, and Widgets by Mr. V</summary>
		<description lang="en_GB">Completely redesigned to create a modern look, while retaining the classic Aeon feel. Modded by Demagorgon, with new backgrounds, themes and fonts. </description>
		<platform>all</platform>
		<license>CC BY-NC-SA 4.0</license>
		<forum>http://forum.kodi.tv/showthread.php?tid=210069</forum>
		<website>https://github.com/mikesilvo164/Aeon-Nox-SiLVO</website>
		<source>https://github.com/mikesilvo164/Aeon-Nox-SiLVO</source>
		<assets>
			<icon>resources/icon.png</icon>
			<fanart>resources/fanart.jpg</fanart>
			<screenshot>resources/screenshots/screenshot-01.jpg</screenshot>
			<screenshot>resources/screenshots/screenshot-02.jpg</screenshot>
			<screenshot>resources/screenshots/screenshot-03.jpg</screenshot>
			<screenshot>resources/screenshots/screenshot-04.jpg</screenshot>
			<screenshot>resources/screenshots/screenshot-05.jpg</screenshot>
			<screenshot>resources/screenshots/screenshot-06.jpg</screenshot>
			<screenshot>resources/screenshots/screenshot-07.jpg</screenshot>
			<screenshot>resources/screenshots/screenshot-08.jpg</screenshot>
			<screenshot>resources/screenshots/screenshot-09.jpg</screenshot>
			<screenshot>resources/screenshots/screenshot-10.jpg</screenshot>
			<screenshot>resources/screenshots/screenshot-11.jpg</screenshot>
			<screenshot>resources/screenshots/screenshot-12.jpg</screenshot>
		</assets>
		<news>[I]All Versions[/I][CR]- Misc fixes, changes, and/or improvements[CR][I]v6.0.14[/I][CR]- Add support for Artwork Beef and remove Artwork Downloader (deprecated)[CR]- Add support for plugin.video.specialfeatures[CR]- Add missing buttons to DialogMusicInfo[CR][I]v6.0.13[/I][CR]- Fix Landscape view Media Menu navigation[CR]- Fix missing lyrics fonts[CR]- Add prefer local logo option to music viz[CR][CR]For a full list of changes visit https://github.com/mikesilvo164/Aeon-Nox-SiLVO/commits/master</news>
	</extension>
</addon>
