<?xml version="1.0" encoding="UTF-8" standalone="yes"?>
<addon id="repository.willforde" name="Willforde Repository" version="1.0.3" provider-name="willforde">
	<extension point="xbmc.addon.repository" name="Willforde XBMC Addons">
		<info compressed="false">https://github.com/willforde/testing.repo/raw/master/addons.xml</info>
		<checksum>https://github.com/willforde/testing.repo/raw/master/addons.xml.md5</checksum>
		<datadir zip="true">https://github.com/willforde/testing.repo/raw/master/</datadir>
	</extension>
	<extension point="xbmc.addon.metadata">
		<summary>Kodi Addons from Willforde</summary>
		<description>This repository contains addons from Willforde.</description>
		<disclaimer>The owners and submitters to this repository do not host or distribute any of the content displayed by these addons nor do they have any affiliation with the content providers.</disclaimer>
		<license>GNU GENERAL PUBLIC LICENSE. Version 3, June 2007</license>
		<email>willforde+kodi@gmail.com</email>
	</extension>
</addon>