﻿<?xml version="1.0" encoding="UTF-8" standalone="yes"?>
<addon id="repository.p2p-streams.xbmc" name="p2p-streams repository" version="1.0.4" provider-name="enen92 - fightnight">
	<extension point="xbmc.addon.repository" name="p2p-streams Repository">
		<info compressed="false">http://p2p-strm.googlecode.com/svn/addons/addons.xml</info>
		<checksum>http://p2p-strm.googlecode.com/svn/addons/addons.xml.md5</checksum>
		<datadir zip="true">http://p2p-strm.googlecode.com/svn/addons</datadir>
	</extension>
	<extension point="xbmc.addon.metadata">
		<summary>p2p-streams repository</summary>
   		<description lang="en">Install P2P-Streams addon for Kodi (SopCast and AceStream). Watch peer-to-peer streams in Kodi without the need for external players!</description>
    		<description lang="pt">Instale o addon P2P-Streams para o Kodi (SopCast e AceStream). Assista a streams peer-to-peer no Kodi sem a necessidade de players externos!</description>
		<disclaimer></disclaimer>
		<platform>all</platform>
	</extension>
</addon>
