<?xml version="1.0" encoding="UTF-8"?>
<window>
	<defaultcontrol always="true">11</defaultcontrol>
	<controls>
		<control type="group">
			<animation effect="slide" start="-1000,0" end="0,0" time="600" tween="quadratic" easing="out">WindowOpen</animation>
			<animation effect="slide" start="0,0" end="-1000,0" time="400" tween="quadratic" easing="in">WindowClose</animation>
			<control type="image">
				<left>-32</left>
				<width>1000</width>
				<height>1080</height>
				<texture colordiffuse="CCFFFFFF" border="40">mediamenu_back.png</texture>
			</control>
			<control type="image">
				<left>20</left>
				<top>20</top>
				<width>150</width>
				<height>150</height>
				<aspectratio>keep</aspectratio>
				<texture background="true" fallback="DefaultTVShows.png">$INFO[VideoPlayer.Cover]</texture>
			</control>
			<control type="label">
				<left>200</left>
				<top>10</top>
				<width>800</width>
				<height>150</height>
				<font>font60</font>
				<label>$INFO[VideoPlayer.ChannelNumberlabel]$INFO[VideoPlayer.ChannelName,  ]</label>
			</control>
			<control type="list" id="11">
				<top>200</top>
				<width>937</width>
				<height>880</height>
				<onleft>Dialog.Close(pvrosdguide)</onleft>
				<onright>60</onright>
				<onup>11</onup>
				<ondown>11</ondown>
				<viewtype label="535">list</viewtype>
				<pagecontrol>60</pagecontrol>
				<scrolltime tween="quadratic" easing="out">200</scrolltime>
				<itemlayout height="80">
					<control type="image">
						<top>21</top>
						<width>937</width>
						<height>60</height>
						<texture border="1">separator2.png</texture>
					</control>
					<control type="label">
						<left>10</left>
						<top>5</top>
						<width>700</width>
						<height>60</height>
						<font>font15</font>
						<textcolor>white</textcolor>
						<selectedcolor>$VAR[ThemeLabelColor]</selectedcolor>
						<label>$INFO[ListItem.StartTime]$INFO[ListItem.Label, - ]</label>
						<animation effect="slide" start="0,0" end="40,0" time="0" tween="sine" easing="in" condition="[ListItem.HasTimer | ListItem.IsRecording]">Conditional</animation>
					</control>
					<control type="label">
						<top>20</top>
						<width>30</width>
						<height>30</height>
						<font>IconSmall</font>
						<textoffsetx>15</textoffsetx>
						<textcolor>$VAR[ThemeLabelColor]</textcolor>
						<align>right</align>
						<selectedcolor>$VAR[ThemeLabelColor]</selectedcolor>
						<label></label>
						<visible>ListItem.HasTimer + !ListItem.IsRecording</visible>
					</control>
					<control type="image">
						<top>11</top>
						<width>50</width>
						<height>50</height>
						<texture>new_pvr/PVR-IsRecording.png</texture>
						<animation effect="fade" start="100" end="40" time="2000" pulse="true" condition="true">Conditional</animation>
						<visible>ListItem.IsRecording</visible>
					</control>
				</itemlayout>
				<focusedlayout height="160">
					<control type="image">
						<top>102</top>
						<width>937</width>
						<height>60</height>
						<texture border="1">separator2.png</texture>
					</control>
					<control type="image">
						<width>937</width>
						<height>160</height>
						<texture colordiffuse="$VAR[HighlightBarColor]" border="4">listselect_fo.png</texture>
						<visible>Control.HasFocus(11)</visible>
						<include>VisibleFadeAnimation</include>
					</control>
					<control type="label">
						<left>10</left>
						<top>5</top>
						<width>700</width>
						<height>60</height>
						<font>font15</font>
						<textcolor>white</textcolor>
						<selectedcolor>$VAR[ThemeLabelColor]</selectedcolor>
						<label>$INFO[ListItem.StartTime]$INFO[ListItem.Label, - ]</label>
						<animation effect="slide" end="45" time="0" condition="[ListItem.HasTimer | ListItem.IsRecording]">Conditional</animation>
					</control>
					<control type="label">
						<left>490</left>
						<top>23</top>
						<width>437</width>
						<height>60</height>
						<font>font12</font>
						<align>right</align>
						<textcolor>white2</textcolor>
						<label>$INFO[ListItem.StartDate]</label>
					</control>
					<control type="label">
						<left>690</left>
						<top>-10</top>
						<width>237</width>
						<height>60</height>
						<font>font12</font>
						<align>right</align>
						<textcolor>white2</textcolor>
						<label>$INFO[ListItem.EndTime,$LOCALIZE[31393]: ]</label>
					</control>
					<control type="textbox">
						<top>75</top>
						<left>15</left>
						<width>907</width>
						<height>80</height>
						<font>font14</font>
						<textcolor>grey</textcolor>
						<label>$INFO[ListItem.PlotOutline]</label>
						<autoscroll time="3000" delay="4000" repeat="5000">true</autoscroll>
						<visible>!String.IsEmpty(ListItem.PlotOutline) + !String.IsEqual(ListItem.PlotOutline,N/A)</visible>
					</control>
					<control type="textbox">
						<top>75</top>
						<left>15</left>
						<width>907</width>
						<height>80</height>
						<font>font14</font>
						<textcolor>grey</textcolor>
						<label>$INFO[ListItem.Plot]</label>
						<autoscroll time="3000" delay="4000" repeat="5000">true</autoscroll>
						<visible>String.IsEmpty(ListItem.PlotOutline) | String.IsEqual(ListItem.PlotOutline,N/A)</visible>
					</control>
					<control type="label">
						<top>20</top>
						<width>100</width>
						<height>30</height>
						<font>IconSmall</font>
						<textoffsetx>15</textoffsetx>
						<textcolor>$VAR[ThemeLabelColor]</textcolor>
						<selectedcolor>$VAR[ThemeLabelColor]</selectedcolor>
						<label></label>
						<visible>ListItem.HasTimer + !ListItem.IsRecording</visible>
					</control>
					<control type="image">
						<top>11</top>
						<width>50</width>
						<height>50</height>
						<texture>new_pvr/PVR-IsRecording.png</texture>
						<animation effect="fade" start="100" end="40" time="2000" pulse="true" condition="true">Conditional</animation>
						<visible>ListItem.IsRecording</visible>
					</control>
				</focusedlayout>
			</control>
			<control type="scrollbar" id="60">
				<left>937</left>
				<top>215</top>
				<width>14</width>
				<height>840</height>
				<showonepage>false</showonepage>
				<texturesliderbackground />
				<texturesliderbar colordiffuse="55ffffff" border="1">scrollbar/texturesliderbar2.png</texturesliderbar>
				<texturesliderbarfocus border="1">scrollbar/texturesliderbar2.png</texturesliderbarfocus>
				<onleft>11</onleft>
				<onright>Dialog.Close(pvrosdguide)</onright>
				<ondown>61</ondown>
				<onup>61</onup>
				<orientation>vertical</orientation>
			</control>
		</control>
	</controls>
</window>